Workbook

Sheet GameDev Priority
A1: Задача | B1: Категория | C1: Приближение к релизу | D1: Удобство геймплея | E1: Ценность контента | F1: Удержание | G1: Итого | H1: Статус | I1: Сложность
A2: Когда мы накапливаем предметы мы нажимаем "merge" и тогда можем мержить предметы за ману. Новая механика которая расширяет возможности слияния предметов используя упрощенные, популярные merge 2 механики | B2: Новая фича | C2: Важная система | D2: Исправляет критичную проблему | E2: Фундаментальная механика | F2: Сильно повышает интерес | G2: =IF(C2&D2&E2&F2="", "", (IFNA(MATCH(C2, 'Скоринг'!$C$2:$H$2, 0)-1, 0) * 'Скоринг'!$B$2) + (IFNA(MATCH(D2, 'Скоринг'!$C$3:$H$3, 0)-1, 0) * 'Скоринг'!$B$3) + (IFNA(MATCH(E2, 'Скоринг'!$C$4:$H$4, 0)-1, 0) * 'Скоринг'!$B$4) + (IFNA(MATCH(F2, 'Скоринг'!$C$5:$H$5, 0)-1, 0) * 'Скоринг'!$B$5)) -> 4.05 | H2: =IF(G2="","",IFS(G2>=4,"🔥 Высокий",G2>=2.5,"⚡ Средний",TRUE,"💤 Низкий")) -> 🔥 Высокий | I2: 5
A3: Сделать задания - условия на которые мы соглашаемся и получаем один из ресурсов 1 . новую карту для героя 2. новый предмет 3. Золото 4. огоньки души | B3: Мета | C3: Нужно для Vertical Slice | D3: Исправляет серьёзную проблему | E3: Крупная система | F3: Сильно повышает интерес | G3: =IF(C3&D3&E3&F3="", "", (IFNA(MATCH(C3, 'Скоринг'!$C$2:$H$2, 0)-1, 0) * 'Скоринг'!$B$2) + (IFNA(MATCH(D3, 'Скоринг'!$C$3:$H$3, 0)-1, 0) * 'Скоринг'!$B$3) + (IFNA(MATCH(E3, 'Скоринг'!$C$4:$H$4, 0)-1, 0) * 'Скоринг'!$B$4) + (IFNA(MATCH(F3, 'Скоринг'!$C$5:$H$5, 0)-1, 0) * 'Скоринг'!$B$5)) -> 4 | H3: =IF(G3="","",IFS(G3>=4,"🔥 Высокий",G3>=2.5,"⚡ Средний",TRUE,"💤 Низкий")) -> 🔥 Высокий | I3: 5
A4: надо сделать глобальную карту | B4: Локации - мета | C4: Важная система | D4: Заметно лучше | E4: Новая механика | F4: Улучшает цикл | G4: =IF(C4&D4&E4&F4="", "", (IFNA(MATCH(C4, 'Скоринг'!$C$2:$H$2, 0)-1, 0) * 'Скоринг'!$B$2) + (IFNA(MATCH(D4, 'Скоринг'!$C$3:$H$3, 0)-1, 0) * 'Скоринг'!$B$3) + (IFNA(MATCH(E4, 'Скоринг'!$C$4:$H$4, 0)-1, 0) * 'Скоринг'!$B$4) + (IFNA(MATCH(F4, 'Скоринг'!$C$5:$H$5, 0)-1, 0) * 'Скоринг'!$B$5)) -> 3 | H4: =IF(G4="","",IFS(G4>=4,"🔥 Высокий",G4>=2.5,"⚡ Средний",TRUE,"💤 Низкий")) -> ⚡ Средний | I4: 5
A5: Подтянуть баланс | B5: Кор, мета | C5: Без этого релиз невозможен | D5: Исправляет серьёзную проблему | E5: Фундаментальная механика | F5: Критично для удержания | G5: =IF(C5&D5&E5&F5="", "", (IFNA(MATCH(C5, 'Скоринг'!$C$2:$H$2, 0)-1, 0) * 'Скоринг'!$B$2) + (IFNA(MATCH(D5, 'Скоринг'!$C$3:$H$3, 0)-1, 0) * 'Скоринг'!$B$3) + (IFNA(MATCH(E5, 'Скоринг'!$C$4:$H$4, 0)-1, 0) * 'Скоринг'!$B$4) + (IFNA(MATCH(F5, 'Скоринг'!$C$5:$H$5, 0)-1, 0) * 'Скоринг'!$B$5)) -> 4.75 | H5: =IF(G5="","",IFS(G5>=4,"🔥 Высокий",G5>=2.5,"⚡ Средний",TRUE,"💤 Низкий")) -> 🔥 Высокий | I5: 4
A6: Проработать в разных браузерах, убрать всё иконочное | B6: Оптимизация | C6: Нужно для Vertical Slice | D6: Исправляет критичную проблему | E6: Крупная система | F6: Критично для удержания | G6: =IF(C6&D6&E6&F6="", "", (IFNA(MATCH(C6, 'Скоринг'!$C$2:$H$2, 0)-1, 0) * 'Скоринг'!$B$2) + (IFNA(MATCH(D6, 'Скоринг'!$C$3:$H$3, 0)-1, 0) * 'Скоринг'!$B$3) + (IFNA(MATCH(E6, 'Скоринг'!$C$4:$H$4, 0)-1, 0) * 'Скоринг'!$B$4) + (IFNA(MATCH(F6, 'Скоринг'!$C$5:$H$5, 0)-1, 0) * 'Скоринг'!$B$5)) -> 4.4 | H6: =IF(G6="","",IFS(G6>=4,"🔥 Высокий",G6>=2.5,"⚡ Средний",TRUE,"💤 Низкий")) -> 🔥 Высокий | I6: 4
A7: Сделать не скипаемыих посетителей, посетитиелей что могу что то дать и обязательных посетителей. Учесть и добавить сценарии где в какой то момент мы можем поспать и никто не придет, а есть сценарии где надо обязательно обсудить в диалоге, сбежать также нельзя | B7: Мета | C7: Важная система | D7: Исправляет серьёзную проблему | E7: Новая механика | F7: Критично для удержания | G7: =IF(C7&D7&E7&F7="", "", (IFNA(MATCH(C7, 'Скоринг'!$C$2:$H$2, 0)-1, 0) * 'Скоринг'!$B$2) + (IFNA(MATCH(D7, 'Скоринг'!$C$3:$H$3, 0)-1, 0) * 'Скоринг'!$B$3) + (IFNA(MATCH(E7, 'Скоринг'!$C$4:$H$4, 0)-1, 0) * 'Скоринг'!$B$4) + (IFNA(MATCH(F7, 'Скоринг'!$C$5:$H$5, 0)-1, 0) * 'Скоринг'!$B$5)) -> 3.55 | H7: =IF(G7="","",IFS(G7>=4,"🔥 Высокий",G7>=2.5,"⚡ Средний",TRUE,"💤 Низкий")) -> ⚡ Средний | I7: 4
A8: Сделать еще одного босса | B8: Кор | C8: Важная система | D8: Заметно лучше | E8: Крупная система | F8: Сильно повышает интерес | G8: =IF(C8&D8&E8&F8="", "", (IFNA(MATCH(C8, 'Скоринг'!$C$2:$H$2, 0)-1, 0) * 'Скоринг'!$B$2) + (IFNA(MATCH(D8, 'Скоринг'!$C$3:$H$3, 0)-1, 0) * 'Скоринг'!$B$3) + (IFNA(MATCH(E8, 'Скоринг'!$C$4:$H$4, 0)-1, 0) * 'Скоринг'!$B$4) + (IFNA(MATCH(F8, 'Скоринг'!$C$5:$H$5, 0)-1, 0) * 'Скоринг'!$B$5)) -> 3.35 | H8: =IF(G8="","",IFS(G8>=4,"🔥 Высокий",G8>=2.5,"⚡ Средний",TRUE,"💤 Низкий")) -> ⚡ Средний | I8: 4
A9: Сюжетный поворот при котором мы открываем новую карту, с помощью которой можем убить главного босса. Надо сделать сценарий при котором мы проходим обязательный диалог, с новым челом что выдает задания, а первое задание дает карту что сильно дамажит босса | B9: Кор, мета | C9: Нужно для Vertical Slice | D9: Небольшое улучшение | E9: Новая механика | F9: Сильно повышает интерес | G9: =IF(C9&D9&E9&F9="", "", (IFNA(MATCH(C9, 'Скоринг'!$C$2:$H$2, 0)-1, 0) * 'Скоринг'!$B$2) + (IFNA(MATCH(D9, 'Скоринг'!$C$3:$H$3, 0)-1, 0) * 'Скоринг'!$B$3) + (IFNA(MATCH(E9, 'Скоринг'!$C$4:$H$4, 0)-1, 0) * 'Скоринг'!$B$4) + (IFNA(MATCH(F9, 'Скоринг'!$C$5:$H$5, 0)-1, 0) * 'Скоринг'!$B$5)) -> 3.3 | H9: =IF(G9="","",IFS(G9>=4,"🔥 Высокий",G9>=2.5,"⚡ Средний",TRUE,"💤 Низкий")) -> ⚡ Средний | I9: 4
A10: надо сделать пермабонусы на отряд | B10: Герои - кор | C10: Важная система | D10: Заметно лучше | E10: Новая механика | F10: Улучшает цикл | G10: =IF(C10&D10&E10&F10="", "", (IFNA(MATCH(C10, 'Скоринг'!$C$2:$H$2, 0)-1, 0) * 'Скоринг'!$B$2) + (IFNA(MATCH(D10, 'Скоринг'!$C$3:$H$3, 0)-1, 0) * 'Скоринг'!$B$3) + (IFNA(MATCH(E10, 'Скоринг'!$C$4:$H$4, 0)-1, 0) * 'Скоринг'!$B$4) + (IFNA(MATCH(F10, 'Скоринг'!$C$5:$H$5, 0)-1, 0) * 'Скоринг'!$B$5)) -> 3 | H10: =IF(G10="","",IFS(G10>=4,"🔥 Высокий",G10>=2.5,"⚡ Средний",TRUE,"💤 Низкий")) -> ⚡ Средний | I10: 4
A11: Проработать сценарий получения золота, проверить все моменты где мы можем получить золото, добавить больше инсайтов | B11: Мета | C11: Нужно для Vertical Slice | D11: Исправляет серьёзную проблему | E11: Новая механика | F11: Критично для удержания | G11: =IF(C11&D11&E11&F11="", "", (IFNA(MATCH(C11, 'Скоринг'!$C$2:$H$2, 0)-1, 0) * 'Скоринг'!$B$2) + (IFNA(MATCH(D11, 'Скоринг'!$C$3:$H$3, 0)-1, 0) * 'Скоринг'!$B$3) + (IFNA(MATCH(E11, 'Скоринг'!$C$4:$H$4, 0)-1, 0) * 'Скоринг'!$B$4) + (IFNA(MATCH(F11, 'Скоринг'!$C$5:$H$5, 0)-1, 0) * 'Скоринг'!$B$5)) -> 3.95 | H11: =IF(G11="","",IFS(G11>=4,"🔥 Высокий",G11>=2.5,"⚡ Средний",TRUE,"💤 Низкий")) -> ⚡ Средний | I11: 3
A12: Сделать "выйти из боя", во время боя мы можем выйти и потерять 30%, когда мы на базе то ничего не теряем, когда нас убили у нас остается 30% денег | B12: Мета | C12: Нужно для Vertical Slice | D12: Исправляет серьёзную проблему | E12: Новая механика | F12: Сильно повышает интерес | G12: =IF(C12&D12&E12&F12="", "", (IFNA(MATCH(C12, 'Скоринг'!$C$2:$H$2, 0)-1, 0) * 'Скоринг'!$B$2) + (IFNA(MATCH(D12, 'Скоринг'!$C$3:$H$3, 0)-1, 0) * 'Скоринг'!$B$3) + (IFNA(MATCH(E12, 'Скоринг'!$C$4:$H$4, 0)-1, 0) * 'Скоринг'!$B$4) + (IFNA(MATCH(F12, 'Скоринг'!$C$5:$H$5, 0)-1, 0) * 'Скоринг'!$B$5)) -> 3.8 | H12: =IF(G12="","",IFS(G12>=4,"🔥 Высокий",G12>=2.5,"⚡ Средний",TRUE,"💤 Низкий")) -> ⚡ Средний | I12: 3
A13: Больше предметов надо сделать, иконки #не для AI | B13: Мета | C13: Важная система | D13: Заметно лучше | E13: Новая механика | F13: Сильно повышает интерес | G13: =IF(C13&D13&E13&F13="", "", (IFNA(MATCH(C13, 'Скоринг'!$C$2:$H$2, 0)-1, 0) * 'Скоринг'!$B$2) + (IFNA(MATCH(D13, 'Скоринг'!$C$3:$H$3, 0)-1, 0) * 'Скоринг'!$B$3) + (IFNA(MATCH(E13, 'Скоринг'!$C$4:$H$4, 0)-1, 0) * 'Скоринг'!$B$4) + (IFNA(MATCH(F13, 'Скоринг'!$C$5:$H$5, 0)-1, 0) * 'Скоринг'!$B$5)) -> 3.15 | H13: =IF(G13="","",IFS(G13>=4,"🔥 Высокий",G13>=2.5,"⚡ Средний",TRUE,"💤 Низкий")) -> ⚡ Средний | I13: 3
... A23: Сделать более явные кнопки "спать дальше" "в поход" | B23: Мета | C23: Важная система | D23: Заметно лучше | E23: Небольшой контент | F23: Улучшает цикл | G23: =IF(C23&D23&E23&F23="", "", (IFNA(MATCH(C23, 'Скоринг'!$C$2:$H$2, 0)-1, 0) * 'Скоринг'!$B$2) + (IFNA(MATCH(D23, 'Скоринг'!$C$3:$H$3, 0)-1, 0) * 'Скоринг'!$B$3) + (IFNA(MATCH(E23, 'Скоринг'!$C$4:$H$4, 0)-1, 0) * 'Скоринг'!$B$4) + (IFNA(MATCH(F23, 'Скоринг'!$C$5:$H$5, 0)-1, 0) * 'Скоринг'!$B$5)) -> 2.8 | H23: =IF(G23="","",IFS(G23>=4,"🔥 Высокий",G23>=2.5,"⚡ Средний",TRUE,"💤 Низкий")) -> ⚡ Средний | I23: 1

Sheet Скоринг
A1: Критерий | B1: Вес | C1: 0 | D1: 1 | E1: 2 | F1: 3 | G1: 4 | H1: 5
A2: Приближение к релизу | B2: 40% | C2: Не влияет | D2: Небольшое улучшение | E2: Второстепенная функция | F2: Важная система | G2: Нужно для Vertical Slice | H2: Без этого релиз невозможен
A3: Удобство геймплея | B3: 25% | C3: Не влияет | D3: Косметика | E3: Небольшое улучшение | F3: Заметно лучше | G3: Исправляет серьёзную проблему | H3: Исправляет критичную проблему
A4: Ценность контента | B4: 20% | C4: Нет нового | D4: Мелкий объект | E4: Небольшой контент | F4: Новая механика | G4: Крупная система | H4: Фундаментальная механика
A5: Удержание | B5: 15% | C5: Не влияет | D5: Слабое | E5: Небольшое | F5: Улучшает цикл | G5: Сильно повышает интерес | H5: Критично для удержания
A6: Сложность | B6: Справочно, не входит в Итого | C6: Не оценено | D6: 1 — очень низкая (< 0,5 дня) | E6: 2 — низкая (до 1 дня) | F6: 3 — средняя (2–4 дня) | G6: 4 — высокая (1–2 недели) | H6: 5 — очень высокая (крупная система)
